"Subnational gas consumption, Great Britain, 2013",,,,,,,,,,,,,,,
"This table shows the gas consumption and the number of gas meters by local authority. Country/region totals are shown where the local authority is specified as ""All local authorities"". ",,,,,,,,,,,,,,,
"Some consumption within given countries/regions could not be allocated to specific local authorities. This consumption is shown in the rows where ""Unallocated"" is specified in the local authority column.",,,,,,,,,,,,,,,
"Cells in the ""Notes"" columns have been left blank where there is no note for the given row.",,,,,,,,,,,,,,,
"Freeze panes are active on this sheet. To turn off freeze panes select the 'View' ribbon then 'Freeze Panes' then 'Unfreeze Panes' or use [Alt W, F].",,,,,,,,,,,,,,,
Code,Country or region,Local authority,Notes,"Number of meters
(thousands):
Domestic
","Number of meters
(thousands):
Non-Domestic","Number of meters
(thousands):
All meters","Total consumption
(GWh):
Domestic
","Total consumption
(GWh):
Non-Domestic","Total consumption
(GWh):
All meters","Mean consumption
(kWh per meter):
Domestic
","Mean consumption
(kWh per meter):
Non-Domestic","Mean consumption
(kWh per meter):
All meters","Median consumption
(kWh per meter):
Domestic
","Median consumption
(kWh per meter):
Non-Domestic","Median consumption
(kWh per meter):
All meters"
K03000001,Great Britain,All local authorities,,"23,074.1",272.7,"23,346.8","315,656","182,746","498,402","13,680","670,216","21,348","12,218","154,330","12,321"
E92000001,England,All local authorities,,"19,943.6",236.2,"20,179.7","272,429","151,748","424,176","13,660","642,539","21,020","12,195","152,633","12,297"
E12000001,North East,All local authorities,,"1,089.5",11.7,"1,101.1","15,301","8,600","23,902","14,045","737,090","21,706","12,953","162,636","13,046"
E12000002,North West,All local authorities,,"2,876.0",31.8,"2,907.8","39,022","25,618","64,640","13,568","805,173","22,230","12,233","155,310","12,330"
E12000003,Yorkshire and The Humber,All local authorities,,"2,103.1",24.4,"2,127.5","29,506","22,043","51,549","14,030","904,784","24,230","12,697","152,900","12,796"
E12000004,East Midlands,All local authorities,,"1,745.3",19.0,"1,764.3","24,292","13,975","38,266","13,919","735,561","21,690","12,698","155,596","12,791"
E12000005,West Midlands,All local authorities,,"2,089.3",23.8,"2,113.1","28,395","16,288","44,682","13,590","683,642","21,145","12,352","163,026","12,448"
E12000006,East,All local authorities,,"2,040.3",22.9,"2,063.3","28,259","15,364","43,622","13,850","669,940","21,142","12,360","149,346","12,456"
E12000007,London,All local authorities,,"3,009.1",42.5,"3,051.6","41,065","20,882","61,946","13,647","491,159","20,300","11,712","153,443","11,859"
E12000008,South East,All local authorities,,"3,168.8",40.0,"3,208.8","44,491","18,218","62,709","14,040","455,026","19,543","12,319","142,079","12,432"
E12000009,South West,All local authorities,,"1,822.2",20.0,"1,842.2","22,099","10,760","32,858","12,128","537,682","17,836","10,704","152,946","10,789"
W92000004,Wales,All local authorities,,"1,111.2",10.8,"1,121.9","14,477","8,976","23,453","13,029","833,518","20,904","11,928","157,668","12,009"
S92000003,Scotland,All local authorities,,"1,964.9",24.2,"1,989.1","28,073","20,574","48,647","14,287","849,129","24,457","12,711","168,056","12,830"
Unallocated,Unallocated,All local authorities,,54.4,1.5,55.9,677,"1,448","2,125","12,437","965,366","37,985","10,639","220,820","10,878"
E06000047,North East,County Durham,,218.1,2.1,220.2,"3,106","1,347","4,453","14,243","644,364","20,227","13,281","159,328","13,362"
E06000005,North East,Darlington,,45.3,0.5,45.8,644,596,"1,240","14,207","1,196,602","27,055","13,145","149,524","13,246"
E06000001,North East,Hartlepool,[note 1],40.5,0.4,40.9,538,313,851,"13,283","772,790","20,798","12,296","171,221","12,376"
E06000002,North East,Middlesbrough,[note 1],57.7,0.6,58.3,775,359,"1,135","13,434","588,636","19,450","12,335","167,790","12,417"
E06000057,North East,Northumberland,,116.8,1.3,118.1,"1,703","1,144","2,847","14,583","877,144","24,107","13,150","141,177","13,247"
E06000003,North East,Redcar and Cleveland,[note 1],58.6,0.5,59.1,788,463,"1,251","13,444","1,002,854","21,179","12,642","150,856","12,707"
E06000004,North East,Stockton-on-Tees,[note 1],79.6,0.8,80.3,"1,107",727,"1,834","13,909","949,075","22,827","12,949","178,310","13,023"
E08000037,North East,Gateshead,,86.4,1.0,87.3,"1,213",756,"1,969","14,046","792,992","22,549","12,982","166,308","13,070"
E08000021,North East,Newcastle upon Tyne,,109.4,1.8,111.2,"1,557","1,221","2,778","14,234","682,194","24,990","12,736","167,857","12,886"
E08000022,North East,North Tyneside,,90.1,0.9,91.0,"1,272",574,"1,846","14,116","642,711","20,283","13,015","167,157","13,096"
E08000023,North East,South Tyneside,,67.7,0.6,68.3,891,252,"1,143","13,175","409,815","16,748","12,171","163,799","12,242"
E08000024,North East,Sunderland,,119.3,1.3,120.6,"1,706",848,"2,554","14,298","662,073","21,178","13,355","174,312","13,445"
E06000008,North West,Blackburn with Darwen,[note 1],57.7,0.8,58.5,820,468,"1,288","14,200","576,966","22,006","12,924","156,540","13,065"
E06000009,North West,Blackpool,,62.7,0.8,63.4,810,350,"1,160","12,927","454,972","18,286","11,611","146,896","11,726"
E06000049,North West,Cheshire East,[note 1],144.1,1.8,145.8,"2,208","1,746","3,954","15,324","994,338","27,111","13,621","133,529","13,737"
E06000050,North West,Cheshire West and Chester,[note 1],132.0,1.3,133.3,"1,792","1,497","3,289","13,581","1,139,778","24,676","12,224","152,226","12,308"
E06000006,North West,Halton,[note 1],53.1,0.5,53.6,639,557,"1,197","12,027","1,114,826","22,307","11,059","173,709","11,131"
E06000007,North West,Warrington,,86.1,0.9,87.0,"1,156","1,105","2,261","13,425","1,211,711","25,983","12,188","160,479","12,267"
E07000026,North West,Allerdale,[note 1],36.7,0.4,37.2,518,958,"1,476","14,101","2,182,187","39,713","12,727","148,142","12,845"
E07000027,North West,Barrow-in-Furness,[note 1],32.0,0.3,32.3,379,495,874,"11,830","1,672,301","27,035","10,965","162,957","11,032"
E07000028,North West,Carlisle,,41.9,0.6,42.5,572,517,"1,090","13,653","930,664","25,661","12,357","150,906","12,483"
E07000029,North West,Copeland,[note 1],28.5,0.2,28.7,398,89,487,"13,965","369,723","16,951","12,893","145,406","12,978"
E07000030,North West,Eden,[note 1],10.5,0.2,10.6,155,279,434,"14,725","1,860,856","40,729","13,046","179,845","13,167"
E07000031,North West,South Lakeland,,39.2,0.8,40.0,573,678,"1,251","14,614","876,295","31,300","12,738","130,055","12,938"
E08000001,North West,Bolton,,114.7,1.3,116.0,"1,577",531,"2,108","13,744","422,816","18,173","12,419","152,682","12,517"
E08000002,North West,Bury,,78.0,0.8,78.8,"1,135",436,"1,571","14,554","541,174","19,933","13,153","143,286","13,252"
E08000003,North West,Manchester,[note 1],180.0,2.6,182.6,"2,166","1,694","3,860","12,031","648,128","21,135","10,629","192,534","10,746"
E08000004,North West,Oldham ,,89.4,1.0,90.4,"1,246",399,"1,644","13,936","404,202","18,193","12,672","161,970","12,776"
E08000005,North West,Rochdale,,87.2,0.9,88.1,"1,173",491,"1,664","13,455","522,477","18,886","12,148","167,522","12,235"
E08000006,North West,Salford,,94.3,1.1,95.5,"1,190",577,"1,767","12,619","502,644","18,507","11,294","161,681","11,383"
E08000007,North West,Stockport,,118.0,1.2,119.2,"1,817",633,"2,451","15,407","508,153","20,557","13,879","147,848","13,978"
E08000008,North West,Tameside,,95.8,0.9,96.6,"1,248",538,"1,787","13,033","625,241","18,488","11,986","159,915","12,059"
E08000009,North West,Trafford,,90.9,1.3,92.3,"1,440","2,517","3,957","15,835","1,866,009","42,881","14,176","134,968","14,322"
E08000010,North West,Wigan,,134.5,1.0,135.5,"1,682",838,"2,520","12,507","817,382","18,593","11,679","149,002","11,737"
E07000117,North West,Burnley,,39.1,0.5,39.6,522,199,721,"13,331","434,079","18,207","12,315","170,077","12,421"
E07000118,North West,Chorley,[note 1],44.6,0.4,44.9,629,226,855,"14,117","586,845","19,023","12,827","144,546","12,900"
E07000119,North West,Fylde,,32.0,0.4,32.4,490,191,681,"15,309","445,271","21,014","13,641","137,029","13,773"
E07000120,North West,Hyndburn,,35.3,0.4,35.7,478,161,639,"13,546","404,242","17,915","12,526","157,280","12,631"
E07000121,North West,Lancaster,,53.5,0.6,54.1,721,460,"1,181","13,469","732,408","21,810","12,207","156,890","12,301"
E07000122,North West,Pendle,,38.2,0.4,38.6,540,256,797,"14,148","573,370","20,616","12,876","152,646","13,003"
E07000123,North West,Preston,,54.4,0.8,55.2,726,390,"1,116","13,338","505,773","20,230","11,857","167,680","11,978"
E07000124,North West,Ribble Valley,,20.2,0.3,20.5,330,264,594,"16,291","933,036","28,935","14,715","131,089","14,849"
E07000125,North West,Rossendale,,29.9,0.3,30.3,456,290,745,"15,236","831,902","24,625","13,817","145,785","13,942"
E07000126,North West,South Ribble,,45.4,0.4,45.9,622,307,929,"13,703","708,602","20,265","12,680","155,817","12,749"
E07000127,North West,West Lancashire,[note 1],41.3,0.4,41.8,608,421,"1,029","14,711","937,549","24,627","13,209","141,215","13,306"
E07000128,North West,Wyre,,44.3,0.4,44.7,629,395,"1,024","14,176","1,034,496","22,890","13,051","145,636","13,131"
E08000011,North West,Knowsley ,,62.5,0.4,62.9,736,603,"1,339","11,775","1,364,538","21,276","11,064","194,929","11,113"
E08000012,North West,Liverpool,,193.6,2.2,195.8,"2,338","1,771","4,110","12,076","815,570","20,990","10,883","185,034","10,977"
E08000014,North West,Sefton,[note 1],117.6,1.2,118.7,"1,641",408,"2,049","13,961","344,211","17,257","12,576","145,856","12,672"
E08000013,North West,St. Helens,[note 1],77.7,0.6,78.4,980,"1,042","2,022","12,611","1,628,832","25,812","11,690","156,133","11,763"
E08000015,North West,Wirral,,139.0,1.2,140.2,"1,884",838,"2,722","13,553","689,243","19,413","12,183","142,594","12,256"
E06000011,Yorkshire and The Humber,East Riding of Yorkshire,[note 1],127.0,1.2,128.2,"1,841","1,244","3,085","14,496","1,016,638","24,065","13,189","141,276","13,273"
E06000010,Yorkshire and The Humber,"Kingston upon Hull, City of",[note 1],110.6,1.2,111.9,"1,314","1,035","2,348","11,872","834,317","20,987","10,910","174,292","10,986"
E06000012,Yorkshire and The Humber,North East Lincolnshire,[note 1],68.9,0.6,69.5,866,"2,093","2,959","12,572","3,333,225","42,586","11,688","178,889","11,768"
E06000013,Yorkshire and The Humber,North Lincolnshire,[note 1],65.7,0.6,66.3,897,769,"1,666","13,651","1,261,971","25,115","12,551","161,130","12,626"
E06000014,Yorkshire and The Humber,York,,78.0,1.2,79.2,"1,100",673,"1,773","14,098","581,892","22,398","12,841","152,371","12,960"
E07000163,Yorkshire and The Humber,Craven,,20.6,0.3,20.9,308,128,436,"14,948","420,141","20,836","13,384","138,004","13,530"
E07000164,Yorkshire and The Humber,Hambleton,,23.8,0.3,24.1,354,289,642,"14,852","1,037,960","26,658","13,458","162,108","13,548"
E07000165,Yorkshire and The Humber,Harrogate,,56.6,1.0,57.6,919,480,"1,399","16,223","497,608","24,287","14,118","131,062","14,287"
E07000166,Yorkshire and The Humber,Richmondshire,,12.2,0.2,12.4,186,154,340,"15,330","720,770","27,469","13,973","194,549","14,116"
E07000167,Yorkshire and The Humber,Ryedale,,13.2,0.2,13.3,187,262,449,"14,237","1,531,126","33,684","12,576","116,770","12,699"
E07000168,Yorkshire and The Humber,Scarborough,,46.0,0.6,46.6,627,446,"1,074","13,629","759,028","23,030","12,112","138,076","12,240"
E07000169,Yorkshire and The Humber,Selby,,26.5,0.2,26.7,372,"1,033","1,405","14,042","4,696,427","52,581","12,806","133,413","12,873"
E08000016,Yorkshire and The Humber,Barnsley,,101.7,0.8,102.5,"1,353","1,135","2,487","13,299","1,439,773","24,264","12,427","152,811","12,488"
E08000017,Yorkshire and The Humber,Doncaster,,125.5,1.1,126.6,"1,676","1,034","2,710","13,352","955,278","21,401","12,486","155,756","12,549"
E08000018,Yorkshire and The Humber,Rotherham ,[note 1],110.3,1.1,111.4,"1,486","1,311","2,796","13,471","1,210,078","25,107","12,551","166,639","12,625"
E08000019,Yorkshire and The Humber,Sheffield,[note 1],220.2,2.7,222.9,"3,085","2,107","5,192","14,009","793,116","23,296","12,705","162,687","12,803"
E08000032,Yorkshire and The Humber,Bradford ,,195.9,2.6,198.5,"3,022","1,935","4,957","15,430","742,360","24,975","13,950","155,177","14,087"
E08000033,Yorkshire and The Humber,Calderdale,,87.2,1.2,88.5,"1,285",642,"1,928","14,736","518,344","21,790","13,138","134,769","13,285"
E08000034,Yorkshire and The Humber,Kirklees ,[note 1],172.4,2.0,174.5,"2,538","1,340","3,877","14,719","654,467","22,225","13,231","143,686","13,345"
E08000035,Yorkshire and The Humber,Leeds ,[note 1],301.9,3.8,305.7,"4,237","2,499","6,736","14,034","652,734","22,031","12,538","158,323","12,656"
E08000036,Yorkshire and The Humber,Wakefield,[note 1],138.8,1.4,140.2,"1,853","1,437","3,290","13,350","1,000,543","23,460","12,291","155,166","12,378"
E06000015,East Midlands,Derby,[note 1],101.8,1.0,102.8,"1,320",648,"1,968","12,967","642,522","19,146","11,906","167,945","11,989"
E06000016,East Midlands,Leicester,,117.6,1.7,119.4,"1,637","1,348","2,985","13,912","777,168","25,006","12,522","165,258","12,663"
E06000018,East Midlands,Nottingham,,115.6,1.6,117.2,"1,456","1,135","2,591","12,596","699,631","22,104","11,236","169,260","11,353"
E06000017,East Midlands,Rutland,,12.6,0.2,12.8,202,92,294,"15,985","462,578","22,911","14,308","155,277","14,458"
E07000032,East Midlands,Amber Valley,,51.5,0.5,52.0,742,356,"1,098","14,422","674,836","21,115","13,317","147,885","13,410"
E07000033,East Midlands,Bolsover,,31.8,0.3,32.1,439,215,654,"13,788","780,691","20,355","13,015","180,000","13,079"
E07000034,East Midlands,Chesterfield,,46.6,0.5,47.1,611,302,913,"13,107","555,045","19,362","12,203","164,336","12,298"
E07000035,East Midlands,Derbyshire Dales,,25.5,0.4,25.9,409,298,707,"16,026","690,173","27,249","13,960","129,680","14,128"
E07000036,East Midlands,Erewash,,48.7,0.5,49.2,653,165,818,"13,411","349,364","16,629","12,350","156,370","12,426"
E07000037,East Midlands,High Peak,[note 1],37.6,0.5,38.1,577,276,853,"15,349","588,768","22,411","13,728","146,610","13,856"
E07000038,East Midlands,North East Derbyshire,,41.6,0.4,41.9,620,188,808,"14,914","527,308","19,264","13,858","145,470","13,920"
E07000039,East Midlands,South Derbyshire,,35.5,0.3,35.8,495,378,874,"13,960","1,197,452","24,403","12,833","127,835","12,905"
E07000129,East Midlands,Blaby,,38.1,0.4,38.5,562,167,729,"14,738","430,468","18,929","13,651","154,957","13,724"
E07000130,East Midlands,Charnwood,,66.5,0.8,67.3,951,589,"1,540","14,307","755,558","22,891","12,923","155,545","13,026"
E07000131,East Midlands,Harborough,,30.2,0.4,30.6,484,183,667,"16,001","486,215","21,792","14,429","130,115","14,527"
E07000132,East Midlands,Hinckley and Bosworth,,43.0,0.4,43.4,605,233,838,"14,069","622,623","19,332","12,875","143,072","12,955"
E07000133,East Midlands,Melton,,17.7,0.2,17.9,254,226,480,"14,298","1,177,298","26,747","12,935","121,779","13,019"
E07000134,East Midlands,North West Leicestershire,,34.9,0.4,35.3,521,562,"1,084","14,944","1,378,339","30,710","13,829","166,219","13,932"
E07000135,East Midlands,Oadby and Wigston,,22.2,0.3,22.5,341,104,445,"15,375","323,621","19,792","14,050","138,672","14,176"
E07000136,East Midlands,Boston,,21.4,0.2,21.7,284,70,353,"13,222","336,820","16,315","12,037","152,251","12,103"
E07000137,East Midlands,East Lindsey,,38.6,0.5,39.1,514,199,713,"13,311","426,166","18,255","11,836","139,331","11,933"
E07000138,East Midlands,Lincoln,[note 1],40.4,0.5,40.9,491,349,839,"12,152","697,440","20,532","10,884","178,586","10,987"
E07000139,East Midlands,North Kesteven,,35.9,0.3,36.2,493,193,686,"13,736","731,998","18,980","12,753","162,576","12,807"
E07000140,East Midlands,South Holland,[note 1],27.5,0.2,27.7,376,245,621,"13,675","1,146,982","22,437","12,472","130,534","12,531"
E07000141,East Midlands,South Kesteven,,46.5,0.4,47.0,626,392,"1,018","13,459","873,735","21,682","12,267","157,331","12,336"
E07000142,East Midlands,West Lindsey,,30.3,0.3,30.6,423,143,566,"13,947","530,208","18,506","12,871","154,253","12,946"
E07000150,East Midlands,Corby,[note 1],26.3,0.3,26.6,342,865,"1,207","13,027","2,583,205","45,407","12,319","195,235","12,399"
E07000151,East Midlands,Daventry,,23.3,0.3,23.6,342,202,544,"14,675","631,925","23,007","12,915","141,733","13,031"
E07000152,East Midlands,East Northamptonshire,,31.5,0.3,31.8,432,104,537,"13,716","337,343","16,857","12,510","149,506","12,582"
E07000153,East Midlands,Kettering,,38.5,0.4,38.9,518,402,921,"13,446","1,084,559","23,658","12,348","148,014","12,430"
E07000154,East Midlands,Northampton,,87.2,1.0,88.3,"1,115",590,"1,705","12,784","583,992","19,321","11,622","172,515","11,713"
E07000155,East Midlands,South Northamptonshire,,27.3,0.2,27.5,413,90,503,"15,128","381,403","18,281","13,767","121,220","13,833"
E07000156,East Midlands,Wellingborough,,31.8,0.4,32.1,416,155,570,"13,086","407,006","17,744","11,905","165,179","12,001"
E07000170,East Midlands,Ashfield,,51.3,0.5,51.7,707,296,"1,003","13,796","628,170","19,390","13,002","178,090","13,078"
E07000171,East Midlands,Bassetlaw,[note 1],40.6,0.4,41.0,555,246,801,"13,658","644,512","19,538","12,558","154,432","12,636"
E07000172,East Midlands,Broxtowe,,47.5,0.4,47.9,678,207,884,"14,270","527,822","18,475","13,242","148,620","13,312"
E07000173,East Midlands,Gedling,,47.9,0.4,48.2,714,272,985,"14,915","765,064","20,439","13,770","154,840","13,833"
E07000174,East Midlands,Mansfield,,45.5,0.4,45.9,647,150,797,"14,230","370,105","17,372","13,404","164,314","13,469"
E07000175,East Midlands,Newark and Sherwood,,43.4,0.4,43.8,622,818,"1,440","14,327","1,863,135","32,836","12,996","147,695","13,078"
E07000176,East Midlands,Rushcliffe,,43.6,0.4,44.0,707,520,"1,228","16,226","1,221,272","27,886","14,696","128,098","14,795"
E06000019,West Midlands,"Herefordshire, County of",,49.9,0.6,50.5,603,527,"1,129","12,079","856,474","22,363","10,558","149,035","10,638"
E06000051,West Midlands,Shropshire,,87.3,1.0,88.3,"1,120",688,"1,808","12,824","701,748","20,477","11,408","148,581","11,493"
E06000021,West Midlands,Stoke-on-Trent,[note 1],107.9,1.1,109.1,"1,354","1,011","2,365","12,543","897,031","21,683","11,721","166,829","11,793"
E06000020,West Midlands,Telford and Wrekin,,66.5,0.8,67.3,831,584,"1,415","12,489","763,164","21,025","11,427","183,361","11,509"
E07000192,West Midlands,Cannock Chase,,39.4,0.3,39.7,547,219,766,"13,878","642,596","19,272","13,016","164,524","13,091"
E07000193,West Midlands,East Staffordshire,,41.9,0.5,42.4,566,568,"1,134","13,528","1,144,646","26,771","12,333","153,922","12,433"
E07000194,West Midlands,Lichfield,,38.6,0.4,39.0,586,184,770,"15,204","413,709","19,739","13,649","133,280","13,753"
E07000195,West Midlands,Newcastle-under-Lyme,,50.2,0.5,50.7,707,424,"1,131","14,067","942,539","22,308","13,009","160,864","13,087"
E07000196,West Midlands,South Staffordshire,,40.3,0.3,40.6,599,310,909,"14,882","955,621","22,394","13,661","156,003","13,718"
E07000197,West Midlands,Stafford,,46.9,0.5,47.4,671,334,"1,005","14,310","688,929","21,214","13,118","167,719","13,218"
E07000198,West Midlands,Staffordshire Moorlands,,35.4,0.3,35.7,529,464,993,"14,932","1,469,784","27,801","13,856","154,342","13,923"
E07000199,West Midlands,Tamworth,,29.7,0.3,30.0,378,150,528,"12,729","511,284","17,621","11,854","159,998","11,921"
E07000218,West Midlands,North Warwickshire,,23.1,0.3,23.4,326,353,678,"14,093","1,156,721","28,980","12,960","154,894","13,060"
E07000219,West Midlands,Nuneaton and Bedworth,,50.8,0.5,51.3,665,206,871,"13,086","435,586","16,985","12,368","173,790","12,439"
E07000220,West Midlands,Rugby,,38.9,0.4,39.3,545,352,897,"14,017","811,667","22,827","12,757","157,169","12,848"
E07000221,West Midlands,Stratford-on-Avon,,35.9,0.5,36.4,515,197,712,"14,341","389,465","19,539","12,499","144,585","12,621"
E07000222,West Midlands,Warwick,,51.2,0.7,51.9,728,270,998,"14,214","373,103","19,219","12,578","146,246","12,710"
E08000025,West Midlands,Birmingham,[note 1],385.9,5.2,391.1,"5,419","3,346","8,766","14,042","649,173","22,414","12,672","167,646","12,804"
E08000026,West Midlands,Coventry,,126.2,1.3,127.5,"1,596",956,"2,552","12,643","746,091","20,018","11,675","182,976","11,759"
E08000027,West Midlands,Dudley ,,129.6,1.3,131.0,"1,751",654,"2,405","13,510","485,474","18,364","12,544","164,151","12,625"
E08000028,West Midlands,Sandwell ,,122.2,1.4,123.6,"1,566","1,111","2,678","12,822","797,887","21,673","11,934","170,216","12,031"
E08000029,West Midlands,Solihull,,81.6,0.9,82.5,"1,253",748,"2,001","15,353","851,112","24,261","13,874","165,358","13,974"
E08000030,West Midlands,Walsall,,104.5,1.1,105.6,"1,434",696,"2,129","13,725","627,244","20,169","12,579","167,004","12,673"
E08000031,West Midlands,Wolverhampton,,97.2,1.3,98.5,"1,335",669,"2,005","13,735","529,205","20,357","12,525","169,288","12,635"
E07000234,West Midlands,Bromsgrove,,36.1,0.4,36.5,575,134,708,"15,917","309,694","19,391","14,311","133,157","14,422"
E07000235,West Midlands,Malvern Hills,,21.2,0.3,21.5,286,75,361,"13,460","283,073","16,786","11,758","156,892","11,878"
E07000236,West Midlands,Redditch,,34.3,0.4,34.7,425,178,603,"12,377","481,964","17,387","11,321","162,333","11,411"
E07000237,West Midlands,Worcester,,40.0,0.5,40.5,478,230,707,"11,948","483,490","17,485","10,815","164,658","10,902"
E07000238,West Midlands,Wychavon,,37.9,0.4,38.3,508,494,"1,002","13,415","1,156,360","26,152","11,840","163,026","11,941"
E07000239,West Midlands,Wyre Forest,,38.8,0.3,39.1,502,155,657,"12,951","445,620","16,789","11,750","148,657","11,826"
E06000055,East,Bedford,,57.6,0.7,58.3,789,321,"1,110","13,702","439,217","19,029","12,242","145,816","12,350"
E06000056,East,Central Bedfordshire,,96.7,0.9,97.5,"1,346",435,"1,781","13,917","510,836","18,258","12,643","139,960","12,719"
E06000032,East,Luton,,69.8,0.8,70.6,999,372,"1,371","14,308","460,816","19,417","13,352","171,261","13,453"
E06000031,East,Peterborough,[note 1],71.8,0.8,72.6,909,409,"1,318","12,649","542,980","18,157","11,270","182,574","11,332"
E06000033,East,Southend-on-Sea,,72.4,0.7,73.2,"1,045",215,"1,260","14,426","294,227","17,218","13,002","134,240","13,110"
E06000034,East,Thurrock,[note 1],56.0,0.5,56.5,707,649,"1,356","12,617","1,330,606","23,999","11,647","160,937","11,708"
E07000008,East,Cambridge,,43.7,1.1,44.8,605,600,"1,206","13,844","529,988","26,884","11,700","177,160","11,948"
E07000009,East,East Cambridgeshire,,24.5,0.2,24.7,337,71,408,"13,736","353,969","16,504","12,346","140,179","12,414"
E07000010,East,Fenland,,33.1,0.3,33.4,443,632,"1,075","13,379","2,359,882","32,228","12,085","152,257","12,147"
E07000011,East,Huntingdonshire,[note 1],60.8,0.6,61.4,816,310,"1,126","13,434","537,874","18,358","12,192","148,550","12,263"
E07000012,East,South Cambridgeshire,,43.5,0.5,43.9,633,424,"1,058","14,576","930,874","24,092","13,003","165,574","13,090"
E07000066,East,Basildon,,69.1,0.6,69.8,891,336,"1,227","12,892","525,139","17,591","11,663","151,026","11,732"
E07000067,East,Braintree,,46.4,0.5,46.9,630,218,848,"13,570","452,286","18,076","12,200","135,933","12,273"
E07000068,East,Brentwood,,29.6,0.4,30.0,498,120,618,"16,812","287,941","20,566","14,933","123,419","15,084"
E07000069,East,Castle Point,,34.7,0.2,34.9,527,68,596,"15,209","281,476","17,063","14,239","136,034","14,291"
E07000070,East,Chelmsford,,58.3,0.6,58.9,835,268,"1,103","14,329","427,335","18,724","13,146","153,844","13,236"
E07000071,East,Colchester,,60.8,0.6,61.4,806,272,"1,078","13,270","439,206","17,566","12,030","155,668","12,106"
E07000072,East,Epping Forest,[note 1],47.1,0.7,47.8,768,345,"1,113","16,308","495,805","23,295","14,173","122,846","14,323"
E07000073,East,Harlow,[note 1],34.1,0.4,34.5,414,229,643,"12,125","603,991","18,624","11,216","196,115","11,277"
E07000074,East,Maldon,,16.3,0.1,16.4,226,66,292,"13,897","460,301","17,784","12,763","126,936","12,838"
E07000075,East,Rochford,,31.5,0.2,31.7,490,66,556,"15,570","264,863","17,519","14,557","128,200","14,621"
E07000076,East,Tendring,,54.7,0.5,55.2,713,255,967,"13,029","547,812","17,537","11,850","133,571","11,915"
E07000077,East,Uttlesford,,22.8,0.3,23.1,369,140,508,"16,184","439,114","22,009","14,288","141,497","14,431"
E07000095,East,Broxbourne,[note 1],35.0,0.4,35.4,489,139,628,"13,970","354,726","17,734","12,682","136,293","12,780"
E07000096,East,Dacorum,,55.6,0.7,56.2,843,223,"1,067","15,180","329,713","18,967","13,413","144,576","13,515"
E07000242,East,East Hertfordshire,,47.3,0.6,47.9,730,310,"1,039","15,418","520,389","21,686","13,749","132,408","13,866"
E07000098,East,Hertsmere,,38.7,0.7,39.4,645,282,926,"16,653","405,523","23,512","14,425","134,085","14,613"
E07000099,East,North Hertfordshire,,46.8,0.6,47.4,677,322,999,"14,485","524,942","21,092","12,825","146,713","12,940"
E07000240,East,St Albans,,54.4,0.7,55.1,919,276,"1,195","16,901","368,778","21,682","15,236","138,391","15,392"
E07000243,East,Stevenage,,33.2,0.4,33.6,412,289,701,"12,396","816,150","20,866","11,610","190,162","11,693"
E07000102,East,Three Rivers,,33.5,0.5,34.0,588,135,723,"17,537","263,967","21,250","15,127","111,790","15,278"
E07000103,East,Watford,,33.4,0.5,33.9,490,166,656,"14,680","359,062","19,390","13,135","164,110","13,276"
E07000241,East,Welwyn Hatfield,,42.4,0.6,43.0,621,285,907,"14,661","484,449","21,102","12,752","161,658","12,873"
E07000143,East,Breckland,,31.8,0.3,32.2,396,138,534,"12,453","427,465","16,609","11,388","151,620","11,460"
E07000144,East,Broadland,,41.9,0.3,42.2,571,118,688,"13,623","433,608","16,323","12,536","168,137","12,585"
E07000145,East,Great Yarmouth,[note 1],32.1,0.4,32.5,364,147,511,"11,325","408,305","15,722","9,954","152,941","10,049"
E07000146,East,King’s Lynn and West Norfolk,[note 1],35.6,0.4,36.0,453,"2,209","2,661","12,712","5,413,010","73,884","11,501","154,690","11,585"
E07000147,East,North Norfolk,,26.0,0.3,26.3,336,207,544,"12,935","677,052","20,658","11,458","152,200","11,550"
E07000148,East,Norwich,,58.1,0.8,58.8,648,503,"1,151","11,168","646,861","19,563","9,796","160,984","9,902"
E07000149,East,South Norfolk,,29.6,0.2,29.8,386,223,608,"13,040","1,003,128","20,417","11,840","147,245","11,900"
E07000200,East,Babergh,,24.1,0.2,24.4,324,143,467,"13,432","579,837","19,177","12,100","144,788","12,179"
E07000201,East,Forest Heath,,17.5,0.2,17.7,212,110,322,"12,123","492,750","18,183","10,606","141,277","10,692"
E07000202,East,Ipswich,,51.2,0.6,51.7,616,227,843,"12,029","409,536","16,293","10,926","168,361","11,011"
E07000203,East,Mid Suffolk,,18.6,0.2,18.7,226,240,465,"12,159","1,586,948","24,859","11,040","166,724","11,106"
E07000204,East,St Edmundsbury,,32.8,0.4,33.3,419,"1,487","1,906","12,759","3,411,251","57,280","11,405","157,671","11,501"
E07000205,East,Suffolk Coastal,,39.6,0.4,39.9,539,165,704,"13,624","446,100","17,631","12,301","141,491","12,381"
E07000206,East,Waveney,,46.0,0.4,46.3,559,199,758,"12,165","531,689","16,359","11,071","151,544","11,123"
E09000001,London,City of London ,,2.6,1.0,3.6,32,748,780,"12,179","761,259","216,322","6,669","300,172","11,628"
E09000002,London,Barking and Dagenham,[note 1],65.7,0.5,66.2,747,210,957,"11,366","435,935","14,451","10,607","167,011","10,662"
E09000003,London,Barnet,,126.6,2.2,128.8,"2,218",547,"2,765","17,520","252,251","21,469","14,826","112,548","15,062"
E09000004,London,Bexley,,88.8,0.6,89.4,"1,260",728,"1,989","14,195","1,145,335","22,239","13,359","164,344","13,418"
E09000005,London,Brent,,102.2,1.2,103.3,"1,564",562,"2,126","15,313","487,102","20,584","13,324","138,109","13,467"
E09000006,London,Bromley,,129.0,1.3,130.3,"2,075",413,"2,488","16,087","320,790","19,099","14,312","129,136","14,426"
E09000007,London,Camden,,79.5,2.8,82.3,983,"1,501","2,485","12,364","542,392","30,189","9,324","157,657","9,686"
E09000008,London,Croydon,,137.3,1.4,138.6,"2,062",447,"2,509","15,027","323,542","18,100","13,304","131,168","13,419"
E09000009,London,Ealing,,117.9,1.5,119.4,"1,710",743,"2,453","14,503","502,956","20,546","12,860","151,159","12,990"
E09000010,London,Enfield,[note 1],107.2,1.1,108.3,"1,582",545,"2,127","14,761","477,653","19,636","13,168","128,501","13,279"
E09000011,London,Greenwich,,92.5,0.9,93.3,"1,152",425,"1,576","12,460","488,007","16,893","11,004","161,991","11,087"
E09000012,London,Hackney,,91.2,1.0,92.2,998,341,"1,339","10,934","342,386","14,517","8,910","154,258","8,993"
E09000013,London,Hammersmith and Fulham,,74.9,1.0,75.9,909,580,"1,489","12,138","587,704","19,624","9,774","173,287","9,900"
E09000014,London,Haringey,,96.4,1.1,97.5,"1,300",332,"1,633","13,485","307,535","16,745","11,264","137,857","11,371"
E09000015,London,Harrow ,,82.0,1.0,83.0,"1,437",420,"1,857","17,512","439,147","22,368","16,110","137,274","16,241"
E09000016,London,Havering,,95.3,0.7,96.0,"1,366",227,"1,594","14,341","304,151","16,596","13,278","136,460","13,351"
E09000017,London,Hillingdon,,97.2,1.1,98.4,"1,457",959,"2,416","14,992","840,440","24,568","13,659","176,638","13,767"
E09000018,London,Hounslow,,83.2,1.1,84.3,"1,182",621,"1,803","14,203","571,323","21,386","12,573","190,283","12,703"
E09000019,London,Islington,[note 1],87.9,1.3,89.2,930,610,"1,540","10,583","478,664","17,276","8,492","167,256","8,612"
E09000020,London,Kensington and Chelsea,,70.8,2.5,73.3,910,915,"1,825","12,854","371,728","24,911","9,445","142,883","9,843"
E09000021,London,Kingston upon Thames,,59.3,0.8,60.1,911,256,"1,166","15,358","315,848","19,408","13,713","138,473","13,852"
E09000022,London,Lambeth,,119.9,1.3,121.2,"1,423",857,"2,280","11,871","639,533","18,809","9,824","163,073","9,918"
E09000023,London,Lewisham,,109.0,0.9,109.9,"1,346",270,"1,616","12,351","303,644","14,705","10,690","135,634","10,763"
E09000024,London,Merton,,76.0,1.0,76.9,"1,086",327,"1,413","14,303","339,061","18,373","12,536","130,882","12,654"
E09000025,London,Newham,,92.9,0.9,93.8,"1,103","1,041","2,144","11,864","1,140,467","22,844","10,510","161,379","10,594"
E09000026,London,Redbridge,,93.7,0.8,94.5,"1,461",245,"1,706","15,597","295,341","18,048","14,209","143,052","14,310"
E09000027,London,Richmond upon Thames,,77.7,1.1,78.8,"1,225",383,"1,608","15,764","349,159","20,401","13,348","124,753","13,521"
E09000028,London,Southwark,,102.4,1.5,103.8,"1,061",996,"2,057","10,364","674,715","19,808","8,481","178,341","8,608"
E09000029,London,Sutton,,71.3,0.7,72.1,"1,062",240,"1,302","14,881","326,121","18,064","13,198","129,180","13,295"
E09000030,London,Tower Hamlets,,77.3,1.2,78.5,726,731,"1,457","9,391","600,075","18,563","8,120","211,322","8,241"
E09000031,London,Waltham Forest,,92.4,0.8,93.2,"1,223",310,"1,533","13,226","407,822","16,448","11,901","148,585","11,984"
E09000032,London,Wandsworth,,119.5,1.4,120.9,"1,558",636,"2,195","13,036","453,936","18,147","10,828","145,260","10,940"
E09000033,London,Westminster,,89.4,5.0,94.4,"1,004","2,714","3,718","11,228","542,565","39,386","8,190","190,356","8,758"
E06000036,South East,Bracknell Forest,,41.9,0.5,42.4,599,243,841,"14,296","471,251","19,846","13,005","168,512","13,116"
E06000043,South East,Brighton and Hove,[note 1],109.2,1.3,110.4,"1,310",454,"1,764","11,997","359,168","15,973","10,279","155,494","10,376"
E06000046,South East,Isle of Wight,,56.6,0.7,57.2,642,384,"1,026","11,355","570,701","17,933","9,821","145,248","9,914"
E06000035,South East,Medway,[note 1],104.3,0.8,105.1,"1,283",353,"1,636","12,297","448,024","15,563","11,270","167,276","11,322"
E06000042,South East,Milton Keynes,,95.7,1.3,97.0,"1,238",669,"1,907","12,942","519,803","19,669","11,661","191,322","11,764"
E06000044,South East,Portsmouth,,78.7,0.8,79.5,845,419,"1,264","10,738","518,785","15,895","9,555","159,375","9,634"
E06000038,South East,Reading,,56.8,0.8,57.7,762,399,"1,161","13,416","482,415","20,143","11,867","172,460","12,002"
E06000039,South East,Slough,,44.4,0.6,45.0,585,406,991,"13,167","735,726","22,037","11,844","191,011","11,954"
E06000045,South East,Southampton,,81.1,0.9,82.0,899,479,"1,377","11,086","545,025","16,806","9,970","162,890","10,054"
E06000037,South East,West Berkshire,[note 1],45.0,0.6,45.6,652,521,"1,173","14,501","898,441","25,754","13,173","156,249","13,283"
E06000040,South East,Windsor and Maidenhead,,53.8,1.1,54.9,914,321,"1,235","16,990","296,246","22,508","14,718","123,083","14,954"
E06000041,South East,Wokingham,,57.7,0.6,58.3,938,228,"1,166","16,238","375,792","19,985","14,868","143,965","14,967"
E07000004,South East,Aylesbury Vale,,56.2,0.6,56.8,811,383,"1,194","14,425","621,443","21,017","12,978","144,891","13,067"
E07000005,South East,Chiltern,,34.4,0.6,35.0,676,148,824,"19,661","239,068","23,549","17,434","105,994","17,652"
E07000006,South East,South Bucks,,25.5,0.7,26.1,512,153,665,"20,104","235,229","25,464","16,910","107,484","17,225"
E07000007,South East,Wycombe,,59.6,0.8,60.3,976,225,"1,200","16,378","296,697","19,896","14,888","141,162","15,025"
E07000061,South East,Eastbourne,,40.6,0.5,41.2,475,201,676,"11,684","366,524","16,416","10,225","164,729","10,319"
E07000062,South East,Hastings,,36.8,0.3,37.2,438,102,539,"11,886","295,988","14,507","10,541","149,732","10,619"
E07000063,South East,Lewes,,36.1,0.3,36.5,473,112,584,"13,076","328,870","16,019","11,603","148,078","11,681"
E07000064,South East,Rother,,32.5,0.3,32.8,462,248,710,"14,245","752,327","21,650","12,570","137,563","12,665"
E07000065,South East,Wealden,,48.3,0.5,48.8,714,124,838,"14,789","238,644","17,171","12,859","121,520","12,947"
E07000084,South East,Basingstoke and Deane,,59.7,0.6,60.3,786,447,"1,233","13,164","696,753","20,440","11,972","165,232","12,050"
E07000085,South East,East Hampshire,,40.3,0.4,40.8,615,183,799,"15,268","412,334","19,594","13,552","125,044","13,666"
E07000086,South East,Eastleigh,,49.1,0.4,49.5,624,173,798,"12,725","420,581","16,121","11,594","169,576","11,648"
E07000087,South East,Fareham,,45.2,0.4,45.6,579,159,737,"12,802","421,991","16,178","11,713","151,748","11,773"
E07000088,South East,Gosport,,31.3,0.2,31.6,343,119,462,"10,942","557,099","14,646","10,083","184,376","10,130"
E07000089,South East,Hart,,33.2,0.4,33.6,561,145,706,"16,892","368,927","21,012","15,359","129,699","15,481"
E07000090,South East,Havant,,49.2,0.4,49.6,605,108,713,"12,279","302,023","14,365","11,157","152,204","11,220"
E07000091,South East,New Forest,[note 1],69.0,0.7,69.7,922,265,"1,188","13,358","374,448","17,030","11,937","136,255","12,020"
E07000092,South East,Rushmoor,,34.6,0.5,35.1,468,188,656,"13,539","366,633","18,690","12,438","190,984","12,534"
E07000093,South East,Test Valley,,35.5,0.4,35.9,467,240,706,"13,145","541,029","19,652","11,842","162,646","11,933"
E07000094,South East,Winchester,,38.1,0.6,38.7,554,225,779,"14,557","375,793","20,164","12,690","140,381","12,844"
E07000105,South East,Ashford,,39.4,0.4,39.8,503,193,696,"12,778","469,895","17,503","11,368","160,281","11,444"
E07000106,South East,Canterbury,,57.5,0.7,58.2,775,345,"1,119","13,479","500,407","19,248","12,048","146,995","12,141"
E07000107,South East,Dartford,,37.7,0.4,38.1,497,150,648,"13,190","396,165","17,001","12,075","167,575","12,155"
E07000108,South East,Dover,,44.3,0.4,44.7,542,261,803,"12,234","693,662","17,967","10,731","133,991","10,794"
E07000109,South East,Gravesham,,38.5,0.3,38.8,501,385,886,"12,999","1,503,385","22,832","11,734","144,137","11,785"
E07000110,South East,Maidstone,,57.2,0.6,57.8,775,229,"1,004","13,539","395,142","17,367","12,133","144,785","12,221"
E07000111,South East,Sevenoaks,,39.6,0.6,40.2,661,137,798,"16,701","225,035","19,846","14,423","122,908","14,581"
E07000112,South East,Shepway,,40.9,0.4,41.3,506,128,634,"12,374","303,942","15,354","11,024","145,768","11,114"
E07000113,South East,Swale,[note 1],52.9,0.4,53.4,652,581,"1,233","12,323","1,365,907","23,102","11,164","134,168","11,215"
E07000114,South East,Thanet,,59.2,0.6,59.7,712,342,"1,054","12,031","615,736","17,650","10,666","135,321","10,746"
E07000115,South East,Tonbridge and Malling,[note 1],45.1,0.5,45.6,645,230,875,"14,308","420,180","19,172","12,728","139,702","12,837"
E07000116,South East,Tunbridge Wells,,36.8,0.6,37.4,579,161,740,"15,724","285,081","19,792","13,416","124,401","13,572"
E07000177,South East,Cherwell,,44.2,0.6,44.9,594,667,"1,261","13,416","1,090,563","28,113","12,089","176,356","12,184"
E07000178,South East,Oxford,,49.7,1.3,51.0,704,761,"1,465","14,166","564,251","28,707","12,251","168,866","12,490"
E07000179,South East,South Oxfordshire,,44.1,0.6,44.8,685,224,909,"15,509","361,499","20,301","13,543","129,680","13,661"
E07000180,South East,Vale of White Horse,[note 1],42.1,0.6,42.6,619,266,885,"14,704","464,846","20,742","13,120","139,442","13,238"
E07000181,South East,West Oxfordshire,,33.2,0.4,33.6,491,194,685,"14,805","505,541","20,418","13,185","140,313","13,283"
E07000207,South East,Elmbridge,,51.1,1.5,52.6,977,301,"1,278","19,114","206,105","24,307","16,107","110,434","16,530"
E07000208,South East,Epsom and Ewell,,28.4,0.3,28.7,491,104,595,"17,289","319,390","20,708","15,836","143,334","15,959"
E07000209,South East,Guildford,,50.1,1.0,51.0,822,351,"1,173","16,425","364,728","22,999","14,287","132,931","14,485"
E07000210,South East,Mole Valley,,32.5,0.6,33.1,583,210,793,"17,963","331,851","23,958","15,809","122,493","16,064"
E07000211,South East,Reigate and Banstead,,53.5,0.9,54.4,902,238,"1,139","16,843","276,924","20,945","14,527","118,824","14,698"
E07000212,South East,Runnymede,,29.2,0.6,29.9,470,281,751,"16,071","445,561","25,130","14,331","134,472","14,510"
E07000213,South East,Spelthorne,,36.9,0.4,37.2,544,135,679,"14,746","366,211","18,228","13,568","156,052","13,643"
E07000214,South East,Surrey Heath,,33.0,0.5,33.5,582,208,790,"17,646","398,629","23,596","15,956","134,441","16,121"
E07000215,South East,Tandridge,,30.7,0.6,31.3,554,119,673,"18,039","212,209","21,529","15,805","109,161","16,006"
E07000216,South East,Waverley,,45.1,0.9,45.9,804,201,"1,005","17,838","233,667","21,880","15,373","114,860","15,616"
E07000217,South East,Woking,,34.9,0.6,35.5,565,164,729,"16,185","290,794","20,553","14,216","136,560","14,404"
E07000223,South East,Adur,,25.1,0.2,25.3,297,68,366,"11,838","318,256","14,440","10,794","152,562","10,869"
E07000224,South East,Arun,,62.2,0.6,62.8,823,308,"1,131","13,232","553,477","18,027","11,711","140,288","11,782"
E07000225,South East,Chichester,,37.3,0.5,37.8,513,388,901,"13,762","734,573","23,833","11,923","136,531","12,045"
E07000226,South East,Crawley,,40.7,0.5,41.2,502,293,795,"12,325","604,988","19,286","11,289","202,508","11,364"
E07000227,South East,Horsham,,43.4,0.4,43.8,627,296,923,"14,445","690,345","21,063","12,817","132,014","12,895"
E07000228,South East,Mid Sussex,,50.2,0.6,50.8,742,251,993,"14,768","406,709","19,534","13,165","138,789","13,287"
E07000229,South East,Worthing,,41.9,0.4,42.3,530,223,753,"12,641","531,362","17,789","11,294","143,829","11,386"
E06000022,South West,Bath and North East Somerset,,65.0,0.8,65.9,894,316,"1,210","13,754","376,611","18,376","12,012","135,485","12,117"
E06000028,South West,Bournemouth,,73.1,0.9,74.0,886,300,"1,186","12,133","328,705","16,036","10,582","152,179","10,676"
E06000023,South West,"Bristol, City of ",[note 1],167.9,2.0,169.8,"2,003",735,"2,738","11,934","373,871","16,124","10,591","163,270","10,664"
E06000052,South West,Cornwall,,129.9,1.4,131.3,"1,410",992,"2,403","10,856","718,580","18,300","9,309","155,775","9,393"
E06000053,South West,Isles of Scilly,,0.0,0.0,0.0,0,0,0,,,,,,
E06000024,South West,North Somerset,,80.2,0.7,80.9,"1,009",564,"1,573","12,581","825,157","19,441","11,203","143,695","11,272"
E06000026,South West,Plymouth,,106.0,0.8,106.9,"1,060",453,"1,513","9,993","538,257","14,155","8,726","166,876","8,778"
E06000029,South West,Poole,,62.4,0.7,63.1,800,332,"1,133","12,821","485,958","17,949","11,420","147,110","11,515"
E06000025,South West,South Gloucestershire,[note 1],94.8,0.8,95.6,"1,170",621,"1,791","12,345","742,366","18,737","11,362","162,115","11,423"
E06000030,South West,Swindon,,82.5,0.9,83.4,"1,026",536,"1,562","12,438","603,795","18,729","11,455","176,470","11,536"
E06000027,South West,Torbay,,54.9,0.7,55.6,643,195,838,"11,720","280,314","15,074","10,133","144,957","10,231"
E06000054,South West,Wiltshire,[note 1],137.2,1.9,139.1,"1,804","1,248","3,052","13,148","659,733","21,943","11,865","159,450","11,978"
E07000040,South West,East Devon,,46.5,0.4,46.9,577,139,715,"12,398","337,061","15,241","10,811","144,362","10,880"
E07000041,South West,Exeter,[note 1],45.8,0.6,46.5,494,340,833,"10,765","542,149","17,934","9,304","162,989","9,395"
E07000042,South West,Mid Devon,,19.5,0.2,19.7,220,231,451,"11,278","1,109,800","22,883","9,789","147,774","9,881"
E07000043,South West,North Devon,,30.0,0.3,30.3,353,153,506,"11,771","448,627","16,697","10,285","149,007","10,380"
E07000044,South West,South Hams,,24.5,0.2,24.7,293,184,477,"11,983","762,781","19,304","10,298","150,053","10,377"
E07000045,South West,Teignbridge,[note 1],43.8,0.4,44.2,511,318,829,"11,654","823,423","18,743","10,268","146,296","10,339"
E07000046,South West,Torridge,,15.4,0.1,15.6,168,32,200,"10,856","294,525","12,844","9,396","145,472","9,436"
E07000047,South West,West Devon,,13.0,0.1,13.2,164,101,265,"12,564","782,670","20,103","10,661","124,458","10,746"
E07000048,South West,Christchurch,,20.8,0.2,21.0,262,45,306,"12,571","276,060","14,606","11,451","158,742","11,511"
E07000049,South West,East Dorset,,33.2,0.3,33.5,500,63,563,"15,061","239,233","16,822","13,730","133,417","13,805"
E07000050,South West,North Dorset,,19.8,0.3,20.1,254,128,382,"12,811","464,424","19,023","11,325","194,559","11,419"
E07000051,South West,Purbeck,,17.8,0.2,18.0,219,83,302,"12,276","395,648","16,716","10,835","182,029","10,928"
E07000052,South West,West Dorset,,30.8,0.4,31.2,364,131,495,"11,808","329,376","15,870","10,156","152,106","10,251"
E07000053,South West,Weymouth and Portland,[note 1],27.5,0.3,27.8,301,79,380,"10,955","306,229","13,689","9,644","138,600","9,706"
E07000078,South West,Cheltenham,,48.5,0.7,49.2,609,268,878,"12,569","382,061","17,843","10,994","144,192","11,115"
E07000079,South West,Cotswold,,23.6,0.4,24.0,352,139,491,"14,893","357,947","20,445","12,864","132,724","13,012"
E07000080,South West,Forest of Dean,,21.1,0.2,21.3,270,217,487,"12,802","1,104,796","22,859","11,540","132,624","11,614"
E07000081,South West,Gloucester,,49.6,0.5,50.1,582,279,862,"11,740","546,953","17,196","10,719","158,455","10,791"
E07000082,South West,Stroud,,40.8,0.5,41.3,565,279,845,"13,849","557,726","20,445","12,024","139,935","12,128"
E07000083,South West,Tewkesbury,,31.2,0.4,31.5,393,217,610,"12,625","610,872","19,366","11,163","151,035","11,237"
E07000187,South West,Mendip,,36.0,0.4,36.4,450,217,667,"12,491","546,306","18,326","10,938","140,969","11,024"
E07000188,South West,Sedgemoor,,35.6,0.3,36.0,403,189,592,"11,321","573,140","16,461","9,988","141,686","10,058"
E07000189,South West,South Somerset,,46.3,0.5,46.8,543,392,935,"11,714","815,264","19,972","10,338","155,014","10,410"
E07000190,South West,Taunton Deane,,38.6,0.4,39.1,450,157,606,"11,642","368,595","15,527","10,293","160,569","10,375"
E07000191,South West,West Somerset,,8.3,0.1,8.4,96,87,183,"11,515","987,455","21,714","9,911","135,017","9,987"
W06000001,Wales,Isle of Anglesey,,15.8,0.2,15.9,186,197,383,"11,801","1,214,686","24,023","10,428","177,992","10,537"
W06000002,Wales,Gwynedd,,29.6,0.4,30.1,347,187,534,"11,714","421,307","17,779","10,162","155,142","10,299"
W06000003,Wales,Conwy,,45.0,0.6,45.6,570,155,724,"12,646","271,706","15,878","11,181","144,431","11,285"
W06000004,Wales,Denbighshire,,32.9,0.4,33.2,414,172,586,"12,589","451,112","17,629","11,344","151,434","11,427"
W06000005,Wales,Flintshire,[note 1],52.3,0.5,52.8,672,923,"1,595","12,856","1,942,587","30,230","11,958","176,177","12,026"
W06000006,Wales,Wrexham,,49.6,0.5,50.1,626,"1,109","1,734","12,620","2,348,810","34,646","11,691","182,923","11,760"
W06000023,Wales,Powys,,27.3,0.4,27.7,344,166,510,"12,597","376,145","18,375","10,907","155,131","11,054"
W06000008,Wales,Ceredigion,,8.5,0.2,8.7,105,70,176,"12,372","424,195","20,259","10,209","135,949","10,404"
W06000009,Wales,Pembrokeshire,,33.4,0.3,33.8,398,106,504,"11,918","311,396","14,935","10,618","152,465","10,693"
W06000010,Wales,Carmarthenshire,[note 1],50.1,0.5,50.6,657,332,989,"13,119","647,992","19,545","11,940","151,796","12,025"
W06000011,Wales,Swansea,,99.3,0.9,100.1,"1,303",624,"1,927","13,128","714,574","19,244","12,001","173,383","12,075"
W06000012,Wales,Neath Port Talbot,[note 1],59.5,0.5,60.0,775,380,"1,155","13,039","768,666","19,264","12,171","143,603","12,241"
W06000013,Wales,Bridgend,,59.3,0.5,59.8,788,520,"1,307","13,283","1,056,219","21,866","12,308","150,185","12,368"
W06000014,Wales,Vale of Glamorgan,[note 1],49.3,0.4,49.7,663,265,928,"13,432","755,684","18,677","11,957","135,963","12,026"
W06000015,Wales,Cardiff,,135.6,1.5,137.1,"1,732","1,213","2,944","12,769","814,941","21,474","11,397","167,768","11,496"
W06000016,Wales,Rhondda Cynon Taf,,103.3,0.8,104.2,"1,402",494,"1,896","13,567","596,922","18,198","12,878","151,993","12,944"
W06000024,Wales,Merthyr Tydfil,,25.9,0.2,26.1,371,128,500,"14,328","557,981","19,110","13,589","155,007","13,656"
W06000018,Wales,Caerphilly,,75.2,0.6,75.8,"1,035",325,"1,360","13,759","568,988","17,950","12,987","150,440","13,045"
W06000019,Wales,Blaenau Gwent,,31.2,0.3,31.5,447,158,605,"14,299","540,855","19,192","13,574","180,899","13,667"
W06000020,Wales,Torfaen,,39.0,0.3,39.3,492,384,876,"12,635","1,138,522","22,289","11,606","191,490","11,672"
W06000021,Wales,Monmouthshire,,29.5,0.3,29.8,399,290,690,"13,558","948,325","23,168","12,251","146,755","12,333"
W06000022,Wales,Newport,[note 1],59.6,0.5,60.2,752,779,"1,530","12,603","1,436,872","25,433","11,377","169,684","11,447"
S12000033,Scotland,Aberdeen City,[note 1],93.9,1.6,95.5,"1,349",989,"2,338","14,371","602,980","24,478","12,002","172,201","12,177"
S12000034,Scotland,Aberdeenshire,[note 1],61.1,0.8,61.9,"1,029",367,"1,396","16,832","483,752","22,549","15,404","164,736","15,539"
S12000041,Scotland,Angus,,37.3,0.4,37.7,559,375,934,"15,004","861,124","24,791","13,485","182,427","13,607"
S12000035,Scotland,Argyll and Bute,,20.4,0.3,20.8,325,146,471,"15,920","438,373","22,672","13,550","131,422","13,755"
S12000036,Scotland,City of Edinburgh,,208.5,3.1,211.6,"2,758","1,931","4,689","13,228","630,306","22,162","10,989","155,351","11,142"
S12000005,Scotland,Clackmannanshire,[note 1],22.1,0.2,22.3,309,811,"1,120","13,997","3,842,834","50,262","12,756","155,864","12,843"
S12000006,Scotland,Dumfries and Galloway,,42.8,0.5,43.3,611,568,"1,179","14,269","1,173,862","27,232","12,873","159,126","12,974"
S12000042,Scotland,Dundee City,,57.0,0.8,57.8,756,627,"1,383","13,252","760,782","23,901","11,549","180,937","11,671"
S12000008,Scotland,East Ayrshire,,52.6,0.5,53.0,758,346,"1,104","14,417","738,113","20,815","13,195","170,588","13,271"
S12000045,Scotland,East Dunbartonshire,,41.8,0.4,42.2,766,146,912,"18,337","350,687","21,624","16,505","128,222","16,610"
S12000010,Scotland,East Lothian,,37.6,0.4,37.9,534,228,762,"14,224","596,450","20,086","12,812","171,977","12,900"
S12000011,Scotland,East Renfrewshire,,34.2,0.4,34.6,651,102,754,"19,046","262,396","21,790","17,025","121,650","17,170"
S12000014,Scotland,Falkirk,[note 1],62.8,0.6,63.4,912,760,"1,672","14,508","1,359,834","26,368","13,410","188,516","13,486"
S12000015,Scotland,Fife,[note 1],157.0,1.5,158.6,"2,301","1,725","4,025","14,653","1,114,791","25,386","13,423","168,000","13,510"
S12000046,Scotland,Glasgow City,,246.3,3.6,249.9,"2,907","2,378","5,284","11,799","662,143","21,143","10,166","182,315","10,294"
S12000017,Scotland,Highland,[note 1],38.8,0.5,39.3,574,552,"1,126","14,806","1,028,692","28,662","13,267","164,957","13,383"
S12000018,Scotland,Inverclyde,,32.8,0.4,33.2,480,204,684,"14,640","466,835","20,571","13,119","147,413","13,246"
S12000019,Scotland,Midlothian,,33.5,0.3,33.9,483,162,645,"14,406","485,603","19,053","13,231","195,427","13,312"
S12000020,Scotland,Moray,,29.0,0.4,29.4,432,"1,456","1,889","14,897","3,763,160","64,223","13,222","203,161","13,335"
S12000013,Scotland,Na h-Eileanan Siar,,0.0,0.0,0.0,0,0,0,,,,,,
S12000021,Scotland,North Ayrshire,,57.6,0.5,58.2,779,"1,295","2,074","13,519","2,490,076","35,661","12,239","171,198","12,316"
S12000044,Scotland,North Lanarkshire,,137.1,1.4,138.5,"1,981","1,084","3,064","14,444","769,646","22,120","13,336","168,314","13,422"
S12000023,Scotland,Orkney Islands,,0.0,0.0,0.0,0,0,0,,,,,,
S12000024,Scotland,Perth and Kinross,,43.4,0.7,44.1,687,359,"1,046","15,822","508,418","23,703","13,960","168,031","14,135"
S12000038,Scotland,Renfrewshire,,76.0,0.9,77.0,"1,043",597,"1,640","13,724","632,540","21,314","12,361","192,169","12,478"
S12000026,Scotland,Scottish Borders,,35.8,0.5,36.2,512,288,800,"14,306","621,678","22,068","12,751","156,871","12,872"
S12000027,Scotland,Shetland Islands,,0.0,0.0,0.0,0,0,0,,,,,,
S12000028,Scotland,South Ayrshire,,45.4,0.5,45.9,685,640,"1,326","15,093","1,198,941","28,854","13,374","166,580","13,499"
S12000029,Scotland,South Lanarkshire,,118.2,1.3,119.5,"1,853",707,"2,560","15,682","546,835","21,432","14,199","168,707","14,294"
S12000030,Scotland,Stirling,,30.7,0.5,31.2,494,737,"1,231","16,108","1,491,456","39,491","14,081","144,420","14,255"
S12000039,Scotland,West Dunbartonshire,,40.2,0.4,40.6,499,294,793,"12,409","789,814","19,534","11,361","166,439","11,433"
S12000040,Scotland,West Lothian,,71.0,0.7,71.7,"1,046",701,"1,747","14,741","1,004,913","24,386","13,694","198,284","13,771"
